0,Z:\flp-chrimson_experiments\bodyAxis_APT_projects\fly_846_to_876_bodyData.lbl,1,1,A
90,Z:\flp-chrimson_experiments\bodyAxis_APT_projects\fly090_bodyData.lbl,1,1,A
120,Z:\flp-chrimson_experiments\bodyAxis_APT_projects\fly120_bodyData.lbl,1,1,A
125,Z:\flp-chrimson_experiments\bodyAxis_APT_projects\fly125_bodyData.lbl,1,1,A
138,Z:\flp-chrimson_experiments\bodyAxis_APT_projects\fly138_bodyData.lbl,1,1,A
139,Z:\flp-chrimson_experiments\bodyAxis_APT_projects\fly139_bodyData.lbl,1,1,A
140,Z:\flp-chrimson_experiments\bodyAxis_APT_projects\fly140_bodyData.lbl,1,1,A
147,Z:\flp-chrimson_experiments\bodyAxis_APT_projects\fly147_bodyData.lbl,1,1,A
150,Z:\flp-chrimson_experiments\bodyAxis_APT_projects\fly150_bodyData_dontUse4trainingData.lbl,1,1,A
152,Z:\flp-chrimson_experiments\bodyAxis_APT_projects\fly152_bodyData.lbl,1,1,A
157,Z:\flp-chrimson_experiments\bodyAxis_APT_projects\fly157_bodyData.lbl,1,1,A
163,Z:\flp-chrimson_experiments\bodyAxis_APT_projects\fly163_bodyData.lbl,1,1,A
166,Z:\flp-chrimson_experiments\bodyAxis_APT_projects\fly166_bodyData.lbl,1,1,A
168,Z:\flp-chrimson_experiments\bodyAxis_APT_projects\fly168_bodyData.lbl,1,1,A
170,Z:\flp-chrimson_experiments\bodyAxis_APT_projects\fly170_bodyData.lbl,1,1,A
177,Z:\flp-chrimson_experiments\bodyAxis_APT_projects\fly177_bodyData.lbl,1,1,A
178,Z:\flp-chrimson_experiments\egFlpTrials4analysis\fly178\kineData\01_fly178_kineData.mat,1,124,K
179,Z:\flp-chrimson_experiments\bodyAxis_APT_projects\fly179_bodyData.lbl,1,1,A
212,Z:\flp-chrimson_experiments\egFlpTrials4analysis\fly212\kineData\01_fly212_kineData.mat,1,94,K
216,Z:\flp-chrimson_experiments\egFlpTrials4analysis\fly216\kineData\01_fly216_kineData.mat,1,94,K
219,Z:\flp-chrimson_experiments\egFlpTrials4analysis\fly219\kineData\01_fly219_justBodyAxisKineData.mat,1,94,K
220,Z:\flp-chrimson_experiments\bodyAxis_APT_projects\fly220_bodyData.lbl,1,1,A
229,Z:\flp-chrimson_experiments\egFlpTrials4analysis\fly229\kineData_300msStimuli\01_fly229_justBodyAxisKineData.mat,1,94,K
230,Z:\flp-chrimson_experiments\egFlpTrials4analysis\fly230\kineData\01_fly230_kineData.mat,1,94,K
234,Z:\flp-chrimson_experiments\egFlpTrials4analysis\fly234\kineData\01_fly234_kineData.mat,1,94,K
235,Z:\flp-chrimson_experiments\egFlpTrials4analysis\fly235\kineData\01_fly235_kineData.mat,1,94,K
241,Z:\flp-chrimson_experiments\egFlpTrials4analysis\fly241\kineData_300ms_stimuli\01_fly241_justBodyAxisKineData.mat,1,94,K
244,Z:\flp-chrimson_experiments\egFlpTrials4analysis\fly244\kineData\01_fly244_justBodyAxisKineData.mat,1,94,K
245,Z:\flp-chrimson_experiments\egFlpTrials4analysis\fly245\kineData\01_fly245_justBodyAxisKineData.mat,1,94,K
251,Z:\flp-chrimson_experiments\egFlpTrials4analysis\fly251\kineData\01_fly251_kineData.mat,1,94,K
254,Z:\flp-chrimson_experiments\egFlpTrials4analysis\fly254\kineData\01_fly254_kineData.mat,1,94,K
304,Z:\flp-chrimson_experiments\bodyAxis_APT_projects\emptyBrainControls_308_to_422_bodyData.lbl,4,1,A
305,Z:\flp-chrimson_experiments\bodyAxis_APT_projects\emptyBrainControls_308_to_422_bodyData.lbl,3,1,A
306,Z:\flp-chrimson_experiments\bodyAxis_APT_projects\emptyBrainControls_308_to_422_bodyData.lbl,2,1,A
308,Z:\flp-chrimson_experiments\bodyAxis_APT_projects\emptyBrainControls_308_to_422_bodyData.lbl,1,1,A
309,Z:\flp-chrimson_experiments\bodyAxis_APT_projects\emptyBrainControls_308_to_422_bodyData.lbl,10,1,A
310,Z:\flp-chrimson_experiments\bodyAxis_APT_projects\fly310_bodyData.lbl,1,1,A
311,Z:\flp-chrimson_experiments\bodyAxis_APT_projects\emptyBrainControls_308_to_422_bodyData.lbl,9,1,A
312,Z:\flp-chrimson_experiments\bodyAxis_APT_projects\fly312_bodyData.lbl,1,1,A
313,Z:\flp-chrimson_experiments\bodyAxis_APT_projects\emptyBrainControls_308_to_422_bodyData.lbl,8,1,A
314,Z:\flp-chrimson_experiments\bodyAxis_APT_projects\emptyBrainControls_308_to_422_bodyData.lbl,7,1,A
317,Z:\flp-chrimson_experiments\bodyAxis_APT_projects\emptyBrainControls_308_to_422_bodyData.lbl,6,1,A
318,Z:\flp-chrimson_experiments\bodyAxis_APT_projects\fly318_bodyData.lbl,1,1,A
319,Z:\flp-chrimson_experiments\bodyAxis_APT_projects\fly319_bodyData.lbl,1,1,A
321,Z:\flp-chrimson_experiments\bodyAxis_APT_projects\emptyBrainControls_308_to_422_bodyData.lbl,5,1,A
324,Z:\flp-chrimson_experiments\bodyAxis_APT_projects\emptyBrainControls_308_to_422_bodyData.lbl,15,1,A
325,Z:\flp-chrimson_experiments\bodyAxis_APT_projects\trainingData_fly_309_to_373.lbl,26,1,A
326,Z:\flp-chrimson_experiments\bodyAxis_APT_projects\trainingData_fly_309_to_373.lbl,17,1,A
327,Z:\flp-chrimson_experiments\bodyAxis_APT_projects\emptyBrainControls_308_to_422_bodyData.lbl,13,1,A
328,Z:\flp-chrimson_experiments\bodyAxis_APT_projects\emptyBrainControls_308_to_422_bodyData.lbl,14,1,A
330,Z:\flp-chrimson_experiments\bodyAxis_APT_projects\trainingData_fly_309_to_373.lbl,1,1,A
331,Z:\flp-chrimson_experiments\bodyAxis_APT_projects\emptyBrainControls_308_to_422_bodyData.lbl,12,1,A
332,Z:\flp-chrimson_experiments\bodyAxis_APT_projects\emptyBrainControls_308_to_422_bodyData.lbl,11,1,A
334,Z:\flp-chrimson_experiments\bodyAxis_APT_projects\trainingData_fly_309_to_373.lbl,35,1,A
335,Z:\flp-chrimson_experiments\bodyAxis_APT_projects\emptyBrainControls_308_to_422_bodyData.lbl,21,1,A
336,Z:\flp-chrimson_experiments\bodyAxis_APT_projects\trainingData_fly_309_to_373.lbl,37,1,A
337,Z:\flp-chrimson_experiments\bodyAxis_APT_projects\emptyBrainControls_308_to_422_bodyData.lbl,20,1,A
339,Z:\flp-chrimson_experiments\bodyAxis_APT_projects\emptyBrainControls_308_to_422_bodyData.lbl,19,1,A
341,Z:\flp-chrimson_experiments\bodyAxis_APT_projects\fly341_bodyData.lbl,1,1,A
343,Z:\flp-chrimson_experiments\bodyAxis_APT_projects\emptyBrainControls_308_to_422_bodyData.lbl,18,1,A
344,Z:\flp-chrimson_experiments\bodyAxis_APT_projects\fly344_bodyData.lbl,1,1,A
346,Z:\flp-chrimson_experiments\bodyAxis_APT_projects\emptyBrainControls_308_to_422_bodyData.lbl,17,1,A
348,Z:\flp-chrimson_experiments\bodyAxis_APT_projects\emptyBrainControls_308_to_422_bodyData.lbl,16,1,A
350,Z:\flp-chrimson_experiments\bodyAxis_APT_projects\emptyBrainControls_308_to_422_bodyData.lbl,24,1,A
352,Z:\flp-chrimson_experiments\bodyAxis_APT_projects\emptyBrainControls_308_to_422_bodyData.lbl,23,1,A
355,Z:\flp-chrimson_experiments\bodyAxis_APT_projects\trainingData_fly_309_to_373.lbl,56,1,A
356,Z:\flp-chrimson_experiments\bodyAxis_APT_projects\emptyBrainControls_308_to_422_bodyData.lbl,22,1,A
358,Z:\flp-chrimson_experiments\bodyAxis_APT_projects\trainingData_fly_309_to_373.lbl,59,1,A
359,Z:\flp-chrimson_experiments\bodyAxis_APT_projects\fly359_bodyData.lbl,1,1,A
360,Z:\flp-chrimson_experiments\bodyAxis_APT_projects\emptyBrainControls_308_to_422_bodyData.lbl,29,1,A
361,Z:\flp-chrimson_experiments\bodyAxis_APT_projects\fly361_bodyData.lbl,1,1,A
362,Z:\flp-chrimson_experiments\bodyAxis_APT_projects\fly362_bodyData.lbl,1,1,A
363,Z:\flp-chrimson_experiments\bodyAxis_APT_projects\emptyBrainControls_308_to_422_bodyData.lbl,28,1,A
364,Z:\flp-chrimson_experiments\bodyAxis_APT_projects\emptyBrainControls_308_to_422_bodyData.lbl,27,1,A
365,Z:\flp-chrimson_experiments\bodyAxis_APT_projects\emptyBrainControls_308_to_422_bodyData.lbl,26,1,A
366,Z:\flp-chrimson_experiments\bodyAxis_APT_projects\fly366_bodyData.lbl,1,1,A
369,Z:\flp-chrimson_experiments\bodyAxis_APT_projects\fly369_bodyData.lbl,1,1,A
370,Z:\flp-chrimson_experiments\bodyAxis_APT_projects\fly370_bodyData.lbl,1,1,A
371,Z:\flp-chrimson_experiments\bodyAxis_APT_projects\fly371_bodyData.lbl,1,1,A
372,Z:\flp-chrimson_experiments\bodyAxis_APT_projects\fly372_bodyData.lbl,1,1,A
373,Z:\flp-chrimson_experiments\bodyAxis_APT_projects\emptyBrainControls_308_to_422_bodyData.lbl,25,1,A
380,Z:\flp-chrimson_experiments\bodyAxis_APT_projects\emptyBrainControls_308_to_422_bodyData.lbl,33,1,A
381,Z:\flp-chrimson_experiments\bodyAxis_APT_projects\emptyBrainControls_308_to_422_bodyData.lbl,32,1,A
382,Z:\flp-chrimson_experiments\bodyAxis_APT_projects\bodyAxis_382.lbl,1,1,A
383,Z:\flp-chrimson_experiments\bodyAxis_APT_projects\emptyBrainControls_308_to_422_bodyData.lbl,31,1,A
384,Z:\flp-chrimson_experiments\bodyAxis_APT_projects\emptyBrainControls_308_to_422_bodyData.lbl,30,1,A
394,Z:\flp-chrimson_experiments\bodyAxis_APT_projects\emptyBrainControls_308_to_422_bodyData.lbl,35,1,A
400,Z:\flp-chrimson_experiments\bodyAxis_APT_projects\emptyBrainControls_308_to_422_bodyData.lbl,34,1,A
413,Z:\flp-chrimson_experiments\bodyAxis_APT_projects\trainingData_fly_309_to_373.lbl,33,1,A
417,Z:\flp-chrimson_experiments\bodyAxis_APT_projects\trainingData_fly_380_to_457.lbl,37,1,A
418,Z:\flp-chrimson_experiments\bodyAxis_APT_projects\trainingData_fly_380_to_457.lbl,38,1,A
420,Z:\flp-chrimson_experiments\bodyAxis_APT_projects\emptyBrainControls_308_to_422_bodyData.lbl,37,1,A
421,Z:\flp-chrimson_experiments\bodyAxis_APT_projects\trainingData_fly_380_to_457.lbl,41,1,A
422,Z:\flp-chrimson_experiments\bodyAxis_APT_projects\trainingData_fly_380_to_457.lbl,42,1,A
423,Z:\flp-chrimson_experiments\bodyAxis_APT_projects\emptyBrainControls_308_to_422_bodyData.lbl,36,1,A
427,Z:\flp-chrimson_experiments\bodyAxis_APT_projects\emptyBrainControls_308_to_422_bodyData.lbl,38,1,A
430,Z:\flp-chrimson_experiments\bodyAxis_APT_projects\emptyBrainControls_308_to_422_bodyData.lbl,39,1,A
439,Z:\flp-chrimson_experiments\bodyAxis_APT_projects\trainingData_fly_380_to_457.lbl,49,1,A
441,Z:\flp-chrimson_experiments\bodyAxis_APT_projects\trainingData_fly_380_to_457.lbl,51,1,A
442,Z:\flp-chrimson_experiments\bodyAxis_APT_projects\emptyBrainControls_308_to_422_bodyData.lbl,43,1,A
443,Z:\flp-chrimson_experiments\bodyAxis_APT_projects\emptyBrainControls_308_to_422_bodyData.lbl,42,1,A
444,Z:\flp-chrimson_experiments\bodyAxis_APT_projects\emptyBrainControls_308_to_422_bodyData.lbl,41,1,A
450,Z:\flp-chrimson_experiments\bodyAxis_APT_projects\trainingData_fly_380_to_457.lbl,60,1,A
454,Z:\flp-chrimson_experiments\bodyAxis_APT_projects\trainingData_fly_380_to_457.lbl,64,1,A
457,Z:\flp-chrimson_experiments\bodyAxis_APT_projects\trainingData_fly_380_to_457.lbl,67,1,A
462,Z:\flp-chrimson_experiments\bodyAxis_APT_projects\fly_462_to_536_bodyData_NEW.lbl,1,1,A
463,Z:\flp-chrimson_experiments\bodyAxis_APT_projects\fly_462_to_536_bodyData_NEW.lbl,2,1,A
464,Z:\flp-chrimson_experiments\bodyAxis_APT_projects\fly_462_to_536_bodyData_NEW.lbl,3,1,A
465,Z:\flp-chrimson_experiments\bodyAxis_APT_projects\fly_462_to_536_bodyData_NEW.lbl,4,1,A
466,Z:\flp-chrimson_experiments\bodyAxis_APT_projects\fly_462_to_536_bodyData_NEW.lbl,5,1,A
467,Z:\flp-chrimson_experiments\bodyAxis_APT_projects\fly_462_to_536_bodyData_NEW.lbl,6,1,A
468,Z:\flp-chrimson_experiments\bodyAxis_APT_projects\fly_462_to_536_bodyData_NEW.lbl,7,1,A
469,Z:\flp-chrimson_experiments\bodyAxis_APT_projects\fly_462_to_536_bodyData_NEW.lbl,8,1,A
470,Z:\flp-chrimson_experiments\bodyAxis_APT_projects\fly_462_to_536_bodyData_NEW.lbl,9,1,A
471,Z:\flp-chrimson_experiments\bodyAxis_APT_projects\fly_462_to_536_bodyData_NEW.lbl,10,1,A
472,Z:\flp-chrimson_experiments\bodyAxis_APT_projects\fly_462_to_536_bodyData_NEW.lbl,11,1,A
473,Z:\flp-chrimson_experiments\bodyAxis_APT_projects\fly_462_to_536_bodyData_NEW.lbl,12,1,A
474,Z:\flp-chrimson_experiments\bodyAxis_APT_projects\fly_462_to_536_bodyData_NEW.lbl,13,1,A
475,Z:\flp-chrimson_experiments\bodyAxis_APT_projects\fly_462_to_536_bodyData_NEW.lbl,14,1,A
476,Z:\flp-chrimson_experiments\bodyAxis_APT_projects\fly_462_to_536_bodyData_NEW.lbl,15,1,A
477,Z:\flp-chrimson_experiments\bodyAxis_APT_projects\fly_462_to_536_bodyData_NEW.lbl,16,1,A
478,Z:\flp-chrimson_experiments\bodyAxis_APT_projects\fly_462_to_536_bodyData_NEW.lbl,17,1,A
479,Z:\flp-chrimson_experiments\bodyAxis_APT_projects\fly_462_to_536_bodyData_NEW.lbl,18,1,A
480,Z:\flp-chrimson_experiments\bodyAxis_APT_projects\fly_462_to_536_bodyData_NEW.lbl,19,1,A
481,Z:\flp-chrimson_experiments\bodyAxis_APT_projects\fly_462_to_536_bodyData_NEW.lbl,20,1,A
482,Z:\flp-chrimson_experiments\bodyAxis_APT_projects\fly_462_to_536_bodyData_NEW.lbl,21,1,A
483,Z:\flp-chrimson_experiments\bodyAxis_APT_projects\fly_462_to_536_bodyData_NEW.lbl,22,1,A
484,Z:\flp-chrimson_experiments\bodyAxis_APT_projects\fly_462_to_536_bodyData_NEW.lbl,23,1,A
485,Z:\flp-chrimson_experiments\bodyAxis_APT_projects\fly_462_to_536_bodyData_NEW.lbl,24,1,A
486,Z:\flp-chrimson_experiments\bodyAxis_APT_projects\fly_462_to_536_bodyData_NEW.lbl,25,1,A
487,Z:\flp-chrimson_experiments\bodyAxis_APT_projects\fly_462_to_536_bodyData_NEW.lbl,26,1,A
488,Z:\flp-chrimson_experiments\bodyAxis_APT_projects\fly_462_to_536_bodyData_NEW.lbl,27,1,A
489,Z:\flp-chrimson_experiments\bodyAxis_APT_projects\fly_462_to_536_bodyData_NEW.lbl,28,1,A
490,Z:\flp-chrimson_experiments\bodyAxis_APT_projects\fly_462_to_536_bodyData_NEW.lbl,29,1,A
491,Z:\flp-chrimson_experiments\bodyAxis_APT_projects\fly_462_to_536_bodyData_NEW.lbl,30,1,A
492,Z:\flp-chrimson_experiments\bodyAxis_APT_projects\fly_462_to_536_bodyData_NEW.lbl,31,1,A
493,Z:\flp-chrimson_experiments\bodyAxis_APT_projects\fly_462_to_536_bodyData_NEW.lbl,32,1,A
494,Z:\flp-chrimson_experiments\bodyAxis_APT_projects\fly_462_to_536_bodyData_NEW.lbl,33,1,A
495,Z:\flp-chrimson_experiments\bodyAxis_APT_projects\fly_462_to_536_bodyData_NEW.lbl,34,1,A
496,Z:\flp-chrimson_experiments\bodyAxis_APT_projects\fly_462_to_536_bodyData_NEW.lbl,35,1,A
497,Z:\flp-chrimson_experiments\bodyAxis_APT_projects\fly_462_to_536_bodyData_NEW.lbl,36,1,A
498,Z:\flp-chrimson_experiments\bodyAxis_APT_projects\fly_462_to_536_bodyData_NEW.lbl,37,1,A
499,Z:\flp-chrimson_experiments\bodyAxis_APT_projects\fly_462_to_536_bodyData_NEW.lbl,38,1,A
500,Z:\flp-chrimson_experiments\bodyAxis_APT_projects\fly_462_to_536_bodyData_NEW.lbl,39,1,A
501,Z:\flp-chrimson_experiments\bodyAxis_APT_projects\fly_462_to_536_bodyData_NEW.lbl,40,1,A
502,Z:\flp-chrimson_experiments\bodyAxis_APT_projects\fly_462_to_536_bodyData_NEW.lbl,41,1,A
503,Z:\flp-chrimson_experiments\bodyAxis_APT_projects\fly_462_to_536_bodyData_NEW.lbl,42,1,A
504,Z:\flp-chrimson_experiments\bodyAxis_APT_projects\fly_462_to_536_bodyData_NEW.lbl,43,1,A
505,Z:\flp-chrimson_experiments\bodyAxis_APT_projects\fly_462_to_536_bodyData_NEW.lbl,44,1,A
506,Z:\flp-chrimson_experiments\bodyAxis_APT_projects\fly_462_to_536_bodyData_NEW.lbl,45,1,A
507,Z:\flp-chrimson_experiments\bodyAxis_APT_projects\fly_462_to_536_bodyData_NEW.lbl,46,1,A
508,Z:\flp-chrimson_experiments\bodyAxis_APT_projects\fly_462_to_536_bodyData_NEW.lbl,47,1,A
509,Z:\flp-chrimson_experiments\bodyAxis_APT_projects\fly_462_to_536_bodyData_NEW.lbl,48,1,A
510,Z:\flp-chrimson_experiments\bodyAxis_APT_projects\fly_462_to_536_bodyData_NEW.lbl,49,1,A
511,Z:\flp-chrimson_experiments\bodyAxis_APT_projects\fly_462_to_536_bodyData_NEW.lbl,50,1,A
512,Z:\flp-chrimson_experiments\bodyAxis_APT_projects\fly_462_to_536_bodyData_NEW.lbl,51,1,A
513,Z:\flp-chrimson_experiments\bodyAxis_APT_projects\fly_462_to_536_bodyData_NEW.lbl,52,1,A
514,Z:\flp-chrimson_experiments\bodyAxis_APT_projects\fly_462_to_536_bodyData_NEW.lbl,53,1,A
515,Z:\flp-chrimson_experiments\bodyAxis_APT_projects\fly_462_to_536_bodyData_NEW.lbl,54,1,A
516,Z:\flp-chrimson_experiments\bodyAxis_APT_projects\fly_462_to_536_bodyData_NEW.lbl,55,1,A
517,Z:\flp-chrimson_experiments\bodyAxis_APT_projects\fly_462_to_536_bodyData_NEW.lbl,56,1,A
518,Z:\flp-chrimson_experiments\bodyAxis_APT_projects\fly_462_to_536_bodyData_NEW.lbl,57,1,A
519,Z:\flp-chrimson_experiments\bodyAxis_APT_projects\fly_462_to_536_bodyData_NEW.lbl,58,1,A
520,Z:\flp-chrimson_experiments\bodyAxis_APT_projects\fly_462_to_536_bodyData_NEW.lbl,59,1,A
521,Z:\flp-chrimson_experiments\bodyAxis_APT_projects\fly_462_to_536_bodyData_NEW.lbl,60,1,A
522,Z:\flp-chrimson_experiments\bodyAxis_APT_projects\fly_462_to_536_bodyData_NEW.lbl,61,1,A
523,Z:\flp-chrimson_experiments\bodyAxis_APT_projects\fly_462_to_536_bodyData_NEW.lbl,62,1,A
524,Z:\flp-chrimson_experiments\bodyAxis_APT_projects\fly_462_to_536_bodyData_NEW.lbl,63,1,A
525,Z:\flp-chrimson_experiments\bodyAxis_APT_projects\fly_462_to_536_bodyData_NEW.lbl,64,1,A
526,Z:\flp-chrimson_experiments\bodyAxis_APT_projects\fly_462_to_536_bodyData_NEW.lbl,65,1,A
527,Z:\flp-chrimson_experiments\bodyAxis_APT_projects\fly_462_to_536_bodyData_NEW.lbl,66,1,A
528,Z:\flp-chrimson_experiments\bodyAxis_APT_projects\fly_462_to_536_bodyData_NEW.lbl,67,1,A
529,Z:\flp-chrimson_experiments\bodyAxis_APT_projects\fly_462_to_536_bodyData_NEW.lbl,68,1,A
530,Z:\flp-chrimson_experiments\bodyAxis_APT_projects\fly_462_to_536_bodyData_NEW.lbl,69,1,A
531,Z:\flp-chrimson_experiments\bodyAxis_APT_projects\fly_462_to_536_bodyData_NEW.lbl,70,1,A
532,Z:\flp-chrimson_experiments\bodyAxis_APT_projects\fly_462_to_536_bodyData_NEW.lbl,71,1,A
533,Z:\flp-chrimson_experiments\bodyAxis_APT_projects\fly_462_to_536_bodyData_NEW.lbl,72,1,A
534,Z:\flp-chrimson_experiments\bodyAxis_APT_projects\fly_462_to_536_bodyData_NEW.lbl,73,1,A
535,Z:\flp-chrimson_experiments\bodyAxis_APT_projects\fly_462_to_536_bodyData_NEW.lbl,74,1,A
536,Z:\flp-chrimson_experiments\bodyAxis_APT_projects\fly_462_to_536_bodyData_NEW.lbl,75,1,A
541,Z:\flp-chrimson_experiments\bodyAxis_APT_projects\fly541_bodyData.lbl,1,1,A
542,Z:\flp-chrimson_experiments\bodyAxis_APT_projects\flies_542_to_574_bodyData_orthoCamCalib_bodyData.lbl,1,1,A
543,Z:\flp-chrimson_experiments\bodyAxis_APT_projects\flies_542_to_574_bodyData_orthoCamCalib_bodyData.lbl,2,1,A
544,Z:\flp-chrimson_experiments\bodyAxis_APT_projects\flies_542_to_574_bodyData_orthoCamCalib_bodyData.lbl,3,1,A
545,Z:\flp-chrimson_experiments\bodyAxis_APT_projects\flies_542_to_574_bodyData_orthoCamCalib_bodyData.lbl,4,1,A
546,Z:\flp-chrimson_experiments\bodyAxis_APT_projects\flies_542_to_574_bodyData_orthoCamCalib_bodyData.lbl,5,1,A
547,Z:\flp-chrimson_experiments\bodyAxis_APT_projects\flies_542_to_574_bodyData_orthoCamCalib_bodyData.lbl,6,1,A
548,Z:\flp-chrimson_experiments\bodyAxis_APT_projects\flies_542_to_574_bodyData_orthoCamCalib_bodyData.lbl,7,1,A
549,Z:\flp-chrimson_experiments\bodyAxis_APT_projects\flies_542_to_574_bodyData_orthoCamCalib_bodyData.lbl,8,1,A
550,Z:\flp-chrimson_experiments\bodyAxis_APT_projects\flies_542_to_574_bodyData_orthoCamCalib_bodyData.lbl,9,1,A
551,Z:\flp-chrimson_experiments\bodyAxis_APT_projects\flies_542_to_574_bodyData_orthoCamCalib_bodyData.lbl,10,1,A
552,Z:\flp-chrimson_experiments\bodyAxis_APT_projects\flies_542_to_574_bodyData_orthoCamCalib_bodyData.lbl,11,1,A
553,Z:\flp-chrimson_experiments\bodyAxis_APT_projects\flies_542_to_574_bodyData_orthoCamCalib_bodyData.lbl,12,1,A
554,Z:\flp-chrimson_experiments\bodyAxis_APT_projects\flies_542_to_574_bodyData_orthoCamCalib_bodyData.lbl,13,1,A
555,Z:\flp-chrimson_experiments\bodyAxis_APT_projects\flies_542_to_574_bodyData_orthoCamCalib_bodyData.lbl,14,1,A
556,Z:\flp-chrimson_experiments\bodyAxis_APT_projects\flies_542_to_574_bodyData_orthoCamCalib_bodyData.lbl,15,1,A
557,Z:\flp-chrimson_experiments\bodyAxis_APT_projects\flies_542_to_574_bodyData_orthoCamCalib_bodyData.lbl,16,1,A
558,Z:\flp-chrimson_experiments\bodyAxis_APT_projects\flies_542_to_574_bodyData_orthoCamCalib_bodyData.lbl,17,1,A
559,Z:\flp-chrimson_experiments\bodyAxis_APT_projects\flies_542_to_574_bodyData_orthoCamCalib_bodyData.lbl,18,1,A
560,Z:\flp-chrimson_experiments\bodyAxis_APT_projects\flies_542_to_574_bodyData_orthoCamCalib_bodyData.lbl,19,1,A
561,Z:\flp-chrimson_experiments\bodyAxis_APT_projects\flies_542_to_574_bodyData_orthoCamCalib_bodyData.lbl,20,1,A
562,Z:\flp-chrimson_experiments\bodyAxis_APT_projects\flies_542_to_574_bodyData_orthoCamCalib_bodyData.lbl,21,1,A
563,Z:\flp-chrimson_experiments\bodyAxis_APT_projects\flies_542_to_574_bodyData_orthoCamCalib_bodyData.lbl,22,1,A
564,Z:\flp-chrimson_experiments\bodyAxis_APT_projects\flies_542_to_574_bodyData_orthoCamCalib_bodyData.lbl,23,1,A
565,Z:\flp-chrimson_experiments\bodyAxis_APT_projects\flies_542_to_574_bodyData_orthoCamCalib_bodyData.lbl,24,1,A
566,Z:\flp-chrimson_experiments\bodyAxis_APT_projects\flies_542_to_574_bodyData_orthoCamCalib_bodyData.lbl,25,1,A
567,Z:\flp-chrimson_experiments\bodyAxis_APT_projects\flies_542_to_574_bodyData_orthoCamCalib_bodyData.lbl,26,1,A
568,Z:\flp-chrimson_experiments\bodyAxis_APT_projects\flies_542_to_574_bodyData_orthoCamCalib_bodyData.lbl,27,1,A
569,Z:\flp-chrimson_experiments\bodyAxis_APT_projects\flies_542_to_574_bodyData_orthoCamCalib_bodyData.lbl,28,1,A
570,Z:\flp-chrimson_experiments\bodyAxis_APT_projects\flies_542_to_574_bodyData_orthoCamCalib_bodyData.lbl,29,1,A
571,Z:\flp-chrimson_experiments\bodyAxis_APT_projects\flies_542_to_574_bodyData_orthoCamCalib_bodyData.lbl,30,1,A
572,Z:\flp-chrimson_experiments\bodyAxis_APT_projects\flies_542_to_574_bodyData_orthoCamCalib_bodyData.lbl,31,1,A
573,Z:\flp-chrimson_experiments\bodyAxis_APT_projects\flies_542_to_574_bodyData_orthoCamCalib_bodyData.lbl,32,1,A
574,Z:\flp-chrimson_experiments\bodyAxis_APT_projects\flies_542_to_574_bodyData_orthoCamCalib_bodyData.lbl,33,1,A
575,Z:\flp-chrimson_experiments\bodyAxis_APT_projects\fly_575_to_612_bodyData.lbl,1,1,A
576,Z:\flp-chrimson_experiments\bodyAxis_APT_projects\fly_575_to_612_bodyData.lbl,2,1,A
577,Z:\flp-chrimson_experiments\bodyAxis_APT_projects\fly_575_to_612_bodyData.lbl,3,1,A
578,Z:\flp-chrimson_experiments\bodyAxis_APT_projects\fly_575_to_612_bodyData.lbl,4,1,A
579,Z:\flp-chrimson_experiments\bodyAxis_APT_projects\fly_575_to_612_bodyData.lbl,5,1,A
580,Z:\flp-chrimson_experiments\bodyAxis_APT_projects\fly_575_to_612_bodyData.lbl,6,1,A
581,Z:\flp-chrimson_experiments\bodyAxis_APT_projects\fly_575_to_612_bodyData.lbl,38,1,A
582,Z:\flp-chrimson_experiments\bodyAxis_APT_projects\fly_575_to_612_bodyData.lbl,7,1,A
583,Z:\flp-chrimson_experiments\bodyAxis_APT_projects\fly_575_to_612_bodyData.lbl,8,1,A
584,Z:\flp-chrimson_experiments\bodyAxis_APT_projects\fly_575_to_612_bodyData.lbl,9,1,A
585,Z:\flp-chrimson_experiments\bodyAxis_APT_projects\fly_575_to_612_bodyData.lbl,10,1,A
586,Z:\flp-chrimson_experiments\bodyAxis_APT_projects\fly_575_to_612_bodyData.lbl,11,1,A
587,Z:\flp-chrimson_experiments\bodyAxis_APT_projects\fly_575_to_612_bodyData.lbl,12,1,A
588,Z:\flp-chrimson_experiments\bodyAxis_APT_projects\fly_575_to_612_bodyData.lbl,13,1,A
589,Z:\flp-chrimson_experiments\bodyAxis_APT_projects\fly_575_to_612_bodyData.lbl,14,1,A
590,Z:\flp-chrimson_experiments\bodyAxis_APT_projects\fly_575_to_612_bodyData.lbl,15,1,A
591,Z:\flp-chrimson_experiments\bodyAxis_APT_projects\fly_575_to_612_bodyData.lbl,16,1,A
592,Z:\flp-chrimson_experiments\bodyAxis_APT_projects\fly_575_to_612_bodyData.lbl,17,1,A
593,Z:\flp-chrimson_experiments\bodyAxis_APT_projects\fly_575_to_612_bodyData.lbl,18,1,A
594,Z:\flp-chrimson_experiments\bodyAxis_APT_projects\fly_575_to_612_bodyData.lbl,19,1,A
595,Z:\flp-chrimson_experiments\bodyAxis_APT_projects\fly_575_to_612_bodyData.lbl,20,1,A
596,Z:\flp-chrimson_experiments\bodyAxis_APT_projects\fly_575_to_612_bodyData.lbl,21,1,A
597,Z:\flp-chrimson_experiments\bodyAxis_APT_projects\fly_575_to_612_bodyData.lbl,22,1,A
598,Z:\flp-chrimson_experiments\bodyAxis_APT_projects\fly_575_to_612_bodyData.lbl,23,1,A
599,Z:\flp-chrimson_experiments\bodyAxis_APT_projects\fly_575_to_612_bodyData.lbl,24,1,A
600,Z:\flp-chrimson_experiments\bodyAxis_APT_projects\fly_575_to_612_bodyData.lbl,25,1,A
601,Z:\flp-chrimson_experiments\bodyAxis_APT_projects\fly_575_to_612_bodyData.lbl,37,1,A
602,Z:\flp-chrimson_experiments\bodyAxis_APT_projects\fly_575_to_612_bodyData.lbl,26,1,A
603,Z:\flp-chrimson_experiments\bodyAxis_APT_projects\fly_575_to_612_bodyData.lbl,27,1,A
604,Z:\flp-chrimson_experiments\bodyAxis_APT_projects\fly_575_to_612_bodyData.lbl,28,1,A
605,Z:\flp-chrimson_experiments\bodyAxis_APT_projects\fly_575_to_612_bodyData.lbl,29,1,A
606,Z:\flp-chrimson_experiments\bodyAxis_APT_projects\fly_575_to_612_bodyData.lbl,30,1,A
607,Z:\flp-chrimson_experiments\bodyAxis_APT_projects\fly_575_to_612_bodyData.lbl,31,1,A
608,Z:\flp-chrimson_experiments\bodyAxis_APT_projects\fly_575_to_612_bodyData.lbl,32,1,A
609,Z:\flp-chrimson_experiments\bodyAxis_APT_projects\fly_575_to_612_bodyData.lbl,33,1,A
610,Z:\flp-chrimson_experiments\bodyAxis_APT_projects\fly_575_to_612_bodyData.lbl,34,1,A
611,Z:\flp-chrimson_experiments\bodyAxis_APT_projects\fly_575_to_612_bodyData.lbl,35,1,A
612,Z:\flp-chrimson_experiments\bodyAxis_APT_projects\fly_575_to_612_bodyData.lbl,36,1,A
613,Z:\flp-chrimson_experiments\bodyAxis_APT_projects\fly613_bodyData.lbl,1,1,A
614,Z:\flp-chrimson_experiments\bodyAxis_APT_projects\fly614_bodyData.lbl,1,1,A
615,Z:\flp-chrimson_experiments\bodyAxis_APT_projects\fly615_bodyData.lbl,1,1,A
616,Z:\flp-chrimson_experiments\bodyAxis_APT_projects\fly616_bodyData.lbl,1,1,A
617,Z:\flp-chrimson_experiments\bodyAxis_APT_projects\fly617_bodyData.lbl,1,1,A
618,Z:\flp-chrimson_experiments\bodyAxis_APT_projects\fly618_bodyData.lbl,1,1,A
619,Z:\flp-chrimson_experiments\bodyAxis_APT_projects\fly619_bodyData.lbl,1,1,A
620,Z:\flp-chrimson_experiments\bodyAxis_APT_projects\fly620_bodyData.lbl,1,1,A
621,Z:\flp-chrimson_experiments\bodyAxis_APT_projects\fly621_bodyData.lbl,1,1,A
622,Z:\flp-chrimson_experiments\bodyAxis_APT_projects\fly622_bodyData.lbl,1,1,A
623,Z:\flp-chrimson_experiments\bodyAxis_APT_projects\fly623_bodyData.lbl,1,1,A
624,Z:\flp-chrimson_experiments\bodyAxis_APT_projects\fly624_bodyData.lbl,1,1,A
625,Z:\flp-chrimson_experiments\bodyAxis_APT_projects\fly625_bodyData.lbl,1,1,A
626,Z:\flp-chrimson_experiments\bodyAxis_APT_projects\fly626_bodyData.lbl,1,1,A
627,Z:\flp-chrimson_experiments\bodyAxis_APT_projects\fly627_bodyData.lbl,1,1,A
628,Z:\flp-chrimson_experiments\bodyAxis_APT_projects\fly628_bodyData.lbl,1,1,A
629,Z:\flp-chrimson_experiments\bodyAxis_APT_projects\fly_629_to_645_bodyData.lbl,1,1,A
630,Z:\flp-chrimson_experiments\bodyAxis_APT_projects\fly_629_to_645_bodyData.lbl,2,1,A
631,Z:\flp-chrimson_experiments\bodyAxis_APT_projects\fly_629_to_645_bodyData.lbl,3,1,A
632,Z:\flp-chrimson_experiments\bodyAxis_APT_projects\fly_629_to_645_bodyData.lbl,4,1,A
633,Z:\flp-chrimson_experiments\bodyAxis_APT_projects\fly_629_to_645_bodyData.lbl,5,1,A
634,Z:\flp-chrimson_experiments\bodyAxis_APT_projects\fly_629_to_645_bodyData.lbl,6,1,A
635,Z:\flp-chrimson_experiments\bodyAxis_APT_projects\fly_629_to_645_bodyData.lbl,7,1,A
636,Z:\flp-chrimson_experiments\bodyAxis_APT_projects\fly_629_to_645_bodyData.lbl,8,1,A
637,Z:\flp-chrimson_experiments\bodyAxis_APT_projects\fly_629_to_645_bodyData.lbl,9,1,A
638,Z:\flp-chrimson_experiments\bodyAxis_APT_projects\fly_629_to_645_bodyData.lbl,10,1,A
639,Z:\flp-chrimson_experiments\bodyAxis_APT_projects\fly_629_to_645_bodyData.lbl,11,1,A
640,Z:\flp-chrimson_experiments\bodyAxis_APT_projects\fly_629_to_645_bodyData.lbl,12,1,A
641,Z:\flp-chrimson_experiments\bodyAxis_APT_projects\fly_629_to_645_bodyData.lbl,13,1,A
642,Z:\flp-chrimson_experiments\bodyAxis_APT_projects\fly_642_bodyData.lbl,1,1,A
643,Z:\flp-chrimson_experiments\bodyAxis_APT_projects\fly_629_to_645_bodyData.lbl,14,1,A
644,Z:\flp-chrimson_experiments\bodyAxis_APT_projects\fly_629_to_645_bodyData.lbl,15,1,A
645,Z:\flp-chrimson_experiments\bodyAxis_APT_projects\fly_629_to_645_bodyData.lbl,16,1,A
700,Z:\flp-chrimson_experiments\bodyAxis_APT_projects\bodyAxis_700.lbl,1,1,A
701,Z:\flp-chrimson_experiments\bodyAxis_APT_projects\bodyAxis_701.lbl,1,1,A
702,Z:\flp-chrimson_experiments\bodyAxis_APT_projects\bodyAxis_702.lbl,1,1,A
703,Z:\flp-chrimson_experiments\bodyAxis_APT_projects\bodyAxis_703.lbl,1,1,A
704,Z:\flp-chrimson_experiments\bodyAxis_APT_projects\bodyAxis_704.lbl,1,1,A
705,Z:\flp-chrimson_experiments\bodyAxis_APT_projects\bodyAxis_705.lbl,1,1,A
706,Z:\flp-chrimson_experiments\bodyAxis_APT_projects\bodyAxis_706.lbl,1,1,A
707,Z:\flp-chrimson_experiments\bodyAxis_APT_projects\bodyAxis_707.lbl,1,1,A
708,Z:\flp-chrimson_experiments\bodyAxis_APT_projects\bodyAxis_708.lbl,1,1,A
709,Z:\flp-chrimson_experiments\bodyAxis_APT_projects\bodyAxis_709.lbl,1,1,A
710,Z:\flp-chrimson_experiments\bodyAxis_APT_projects\bodyAxis_710.lbl,1,1,A
711,Z:\flp-chrimson_experiments\bodyAxis_APT_projects\bodyAxis_711.lbl,1,1,A
712,Z:\flp-chrimson_experiments\bodyAxis_APT_projects\bodyAxis_712.lbl,1,1,A
713,Z:\flp-chrimson_experiments\bodyAxis_APT_projects\bodyAxis_713.lbl,1,1,A
714,Z:\flp-chrimson_experiments\bodyAxis_APT_projects\bodyAxis_714.lbl,1,1,A
715,Z:\flp-chrimson_experiments\bodyAxis_APT_projects\bodyAxis_715.lbl,1,1,A
716,Z:\flp-chrimson_experiments\bodyAxis_APT_projects\bodyAxis_716.lbl,1,1,A
717,Z:\flp-chrimson_experiments\bodyAxis_APT_projects\bodyAxis_717.lbl,1,1,A
718,Z:\flp-chrimson_experiments\bodyAxis_APT_projects\bodyAxis_718.lbl,1,1,A
719,Z:\flp-chrimson_experiments\bodyAxis_APT_projects\bodyAxis_719.lbl,1,1,A
720,Z:\flp-chrimson_experiments\bodyAxis_APT_projects\bodyAxis_720.lbl,1,1,A
721,Z:\flp-chrimson_experiments\bodyAxis_APT_projects\bodyAxis_721.lbl,1,1,A
722,Z:\flp-chrimson_experiments\bodyAxis_APT_projects\bodyAxis_722.lbl,1,1,A
723,Z:\flp-chrimson_experiments\bodyAxis_APT_projects\bodyAxis_723.lbl,1,1,A
724,Z:\flp-chrimson_experiments\bodyAxis_APT_projects\bodyAxis_724.lbl,1,1,A
725,Z:\flp-chrimson_experiments\bodyAxis_APT_projects\bodyAxis_725.lbl,1,1,A
726,Z:\flp-chrimson_experiments\bodyAxis_APT_projects\bodyAxis_726.lbl,1,1,A
727,Z:\flp-chrimson_experiments\bodyAxis_APT_projects\bodyAxis_727.lbl,1,1,A
728,Z:\flp-chrimson_experiments\bodyAxis_APT_projects\bodyAxis_728.lbl,1,1,A
729,Z:\flp-chrimson_experiments\bodyAxis_APT_projects\bodyAxis_729.lbl,1,1,A
730,Z:\flp-chrimson_experiments\bodyAxis_APT_projects\bodyAxis_730.lbl,1,1,A
731,Z:\flp-chrimson_experiments\bodyAxis_APT_projects\bodyAxis_731.lbl,1,1,A
732,Z:\flp-chrimson_experiments\bodyAxis_APT_projects\bodyAxis_732.lbl,1,1,A
733,Z:\flp-chrimson_experiments\bodyAxis_APT_projects\bodyAxis_733.lbl,1,1,A
734,Z:\flp-chrimson_experiments\bodyAxis_APT_projects\bodyAxis_734.lbl,1,1,A
735,Z:\flp-chrimson_experiments\bodyAxis_APT_projects\bodyAxis_735.lbl,1,1,A
736,Z:\flp-chrimson_experiments\bodyAxis_APT_projects\bodyAxis_736.lbl,1,1,A
737,Z:\flp-chrimson_experiments\bodyAxis_APT_projects\bodyAxis_737.lbl,1,1,A
738,Z:\flp-chrimson_experiments\bodyAxis_APT_projects\bodyAxis_738.lbl,1,1,A
739,Z:\flp-chrimson_experiments\bodyAxis_APT_projects\bodyAxis_739.lbl,1,1,A
740,Z:\flp-chrimson_experiments\bodyAxis_APT_projects\bodyAxis_740.lbl,1,1,A
741,Z:\flp-chrimson_experiments\bodyAxis_APT_projects\bodyAxis_741.lbl,1,1,A
742,Z:\flp-chrimson_experiments\bodyAxis_APT_projects\bodyAxis_742.lbl,1,1,A
743,Z:\flp-chrimson_experiments\bodyAxis_APT_projects\bodyAxis_743.lbl,1,1,A
800,Z:\flp-chrimson_experiments\bodyAxis_APT_projects\fly_800_to_816_bodyData.lbl,1,1,A
801,Z:\flp-chrimson_experiments\bodyAxis_APT_projects\fly_800_to_816_bodyData.lbl,2,1,A
802,Z:\flp-chrimson_experiments\bodyAxis_APT_projects\fly_800_to_816_bodyData.lbl,3,1,A
803,Z:\flp-chrimson_experiments\bodyAxis_APT_projects\fly_800_to_816_bodyData.lbl,4,1,A
804,Z:\flp-chrimson_experiments\bodyAxis_APT_projects\fly_800_to_816_bodyData.lbl,5,1,A
805,Z:\flp-chrimson_experiments\bodyAxis_APT_projects\fly_800_to_816_bodyData.lbl,6,1,A
806,Z:\flp-chrimson_experiments\bodyAxis_APT_projects\fly_800_to_816_bodyData.lbl,7,1,A
807,Z:\flp-chrimson_experiments\bodyAxis_APT_projects\fly_800_to_816_bodyData.lbl,8,1,A
808,Z:\flp-chrimson_experiments\bodyAxis_APT_projects\fly_800_to_816_bodyData.lbl,9,1,A
809,Z:\flp-chrimson_experiments\bodyAxis_APT_projects\fly_800_to_816_bodyData.lbl,10,1,A
810,Z:\flp-chrimson_experiments\bodyAxis_APT_projects\fly_800_to_816_bodyData.lbl,11,1,A
811,Z:\flp-chrimson_experiments\bodyAxis_APT_projects\fly_800_to_816_bodyData.lbl,12,1,A
812,Z:\flp-chrimson_experiments\bodyAxis_APT_projects\fly_800_to_816_bodyData.lbl,13,1,A
813,Z:\flp-chrimson_experiments\bodyAxis_APT_projects\fly_800_to_816_bodyData.lbl,14,1,A
814,Z:\flp-chrimson_experiments\bodyAxis_APT_projects\fly_800_to_816_bodyData.lbl,15,1,A
815,Z:\flp-chrimson_experiments\bodyAxis_APT_projects\fly_800_to_816_bodyData.lbl,16,1,A
816,Z:\flp-chrimson_experiments\bodyAxis_APT_projects\fly_800_to_816_bodyData.lbl,17,1,A
817,Z:\flp-chrimson_experiments\bodyAxis_APT_projects\fly_817_to_845_bodyData.lbl,1,1,A
818,Z:\flp-chrimson_experiments\bodyAxis_APT_projects\fly_817_to_845_bodyData.lbl,2,1,A
819,Z:\flp-chrimson_experiments\bodyAxis_APT_projects\fly_817_to_845_bodyData.lbl,3,1,A
820,Z:\flp-chrimson_experiments\bodyAxis_APT_projects\fly_817_to_845_bodyData.lbl,4,1,A
821,Z:\flp-chrimson_experiments\bodyAxis_APT_projects\fly_817_to_845_bodyData.lbl,5,1,A
822,Z:\flp-chrimson_experiments\bodyAxis_APT_projects\fly_817_to_845_bodyData.lbl,6,1,A
823,Z:\flp-chrimson_experiments\bodyAxis_APT_projects\fly_817_to_845_bodyData.lbl,7,1,A
824,Z:\flp-chrimson_experiments\bodyAxis_APT_projects\fly_817_to_845_bodyData.lbl,8,1,A
825,Z:\flp-chrimson_experiments\bodyAxis_APT_projects\fly_817_to_845_bodyData.lbl,9,1,A
826,Z:\flp-chrimson_experiments\bodyAxis_APT_projects\fly_817_to_845_bodyData.lbl,10,1,A
827,Z:\flp-chrimson_experiments\bodyAxis_APT_projects\fly_817_to_845_bodyData.lbl,11,1,A
828,Z:\flp-chrimson_experiments\bodyAxis_APT_projects\fly_817_to_845_bodyData.lbl,12,1,A
829,Z:\flp-chrimson_experiments\bodyAxis_APT_projects\fly_817_to_845_bodyData.lbl,13,1,A
830,Z:\flp-chrimson_experiments\bodyAxis_APT_projects\fly_817_to_845_bodyData.lbl,14,1,A
831,Z:\flp-chrimson_experiments\bodyAxis_APT_projects\fly_817_to_845_bodyData.lbl,15,1,A
832,Z:\flp-chrimson_experiments\bodyAxis_APT_projects\fly_817_to_845_bodyData.lbl,16,1,A
833,Z:\flp-chrimson_experiments\bodyAxis_APT_projects\fly_817_to_845_bodyData.lbl,17,1,A
834,Z:\flp-chrimson_experiments\bodyAxis_APT_projects\fly_817_to_845_bodyData.lbl,18,1,A
835,Z:\flp-chrimson_experiments\bodyAxis_APT_projects\fly_817_to_845_bodyData.lbl,19,1,A
836,Z:\flp-chrimson_experiments\bodyAxis_APT_projects\fly_817_to_845_bodyData.lbl,20,1,A
837,Z:\flp-chrimson_experiments\bodyAxis_APT_projects\fly_817_to_845_bodyData.lbl,21,1,A
838,Z:\flp-chrimson_experiments\bodyAxis_APT_projects\fly_817_to_845_bodyData.lbl,22,1,A
839,Z:\flp-chrimson_experiments\bodyAxis_APT_projects\fly_817_to_845_bodyData.lbl,23,1,A
840,Z:\flp-chrimson_experiments\bodyAxis_APT_projects\fly_817_to_845_bodyData.lbl,24,1,A
841,Z:\flp-chrimson_experiments\bodyAxis_APT_projects\fly_817_to_845_bodyData.lbl,25,1,A
842,Z:\flp-chrimson_experiments\bodyAxis_APT_projects\fly_817_to_845_bodyData.lbl,26,1,A
843,Z:\flp-chrimson_experiments\bodyAxis_APT_projects\fly_817_to_845_bodyData.lbl,27,1,A
844,Z:\flp-chrimson_experiments\bodyAxis_APT_projects\fly_817_to_845_bodyData.lbl,28,1,A
845,Z:\flp-chrimson_experiments\bodyAxis_APT_projects\fly_817_to_845_bodyData.lbl,29,1,A
846,Z:\flp-chrimson_experiments\bodyAxis_APT_projects\fly_846_to_876_bodyData.lbl,1,1,A
847,Z:\flp-chrimson_experiments\bodyAxis_APT_projects\fly_846_to_876_bodyData.lbl,2,1,A
848,Z:\flp-chrimson_experiments\bodyAxis_APT_projects\fly_846_to_876_bodyData.lbl,3,1,A
849,Z:\flp-chrimson_experiments\bodyAxis_APT_projects\fly_846_to_876_bodyData.lbl,4,1,A
850,Z:\flp-chrimson_experiments\bodyAxis_APT_projects\fly_846_to_876_bodyData.lbl,5,1,A
851,Z:\flp-chrimson_experiments\bodyAxis_APT_projects\fly_846_to_876_bodyData.lbl,6,1,A
852,Z:\flp-chrimson_experiments\bodyAxis_APT_projects\fly_846_to_876_bodyData.lbl,7,1,A
853,Z:\flp-chrimson_experiments\bodyAxis_APT_projects\fly_846_to_876_bodyData.lbl,8,1,A
854,Z:\flp-chrimson_experiments\bodyAxis_APT_projects\fly_846_to_876_bodyData.lbl,9,1,A
855,Z:\flp-chrimson_experiments\bodyAxis_APT_projects\fly_846_to_876_bodyData.lbl,10,1,A
856,Z:\flp-chrimson_experiments\bodyAxis_APT_projects\fly_846_to_876_bodyData.lbl,11,1,A
857,Z:\flp-chrimson_experiments\bodyAxis_APT_projects\fly_846_to_876_bodyData.lbl,12,1,A
858,Z:\flp-chrimson_experiments\bodyAxis_APT_projects\fly_846_to_876_bodyData.lbl,13,1,A
859,Z:\flp-chrimson_experiments\bodyAxis_APT_projects\fly_846_to_876_bodyData.lbl,14,1,A
860,Z:\flp-chrimson_experiments\bodyAxis_APT_projects\fly_846_to_876_bodyData.lbl,15,1,A
861,Z:\flp-chrimson_experiments\bodyAxis_APT_projects\fly_846_to_876_bodyData.lbl,16,1,A
862,Z:\flp-chrimson_experiments\bodyAxis_APT_projects\fly_846_to_876_bodyData.lbl,17,1,A
863,Z:\flp-chrimson_experiments\bodyAxis_APT_projects\fly_846_to_876_bodyData.lbl,18,1,A
864,Z:\flp-chrimson_experiments\bodyAxis_APT_projects\fly_846_to_876_bodyData.lbl,19,1,A
865,Z:\flp-chrimson_experiments\bodyAxis_APT_projects\fly_846_to_876_bodyData.lbl,20,1,A
866,Z:\flp-chrimson_experiments\bodyAxis_APT_projects\fly_846_to_876_bodyData.lbl,21,1,A
867,Z:\flp-chrimson_experiments\bodyAxis_APT_projects\fly_846_to_876_bodyData.lbl,22,1,A
868,Z:\flp-chrimson_experiments\bodyAxis_APT_projects\fly_846_to_876_bodyData.lbl,23,1,A
869,Z:\flp-chrimson_experiments\bodyAxis_APT_projects\fly_846_to_876_bodyData.lbl,24,1,A
870,Z:\flp-chrimson_experiments\bodyAxis_APT_projects\fly_846_to_876_bodyData.lbl,25,1,A
871,Z:\flp-chrimson_experiments\bodyAxis_APT_projects\fly_846_to_876_bodyData.lbl,26,1,A
872,Z:\flp-chrimson_experiments\bodyAxis_APT_projects\fly_846_to_876_bodyData.lbl,27,1,A
873,Z:\flp-chrimson_experiments\bodyAxis_APT_projects\fly_846_to_876_bodyData.lbl,28,1,A
874,Z:\flp-chrimson_experiments\bodyAxis_APT_projects\fly_846_to_876_bodyData.lbl,29,1,A
875,Z:\flp-chrimson_experiments\bodyAxis_APT_projects\fly_846_to_876_bodyData.lbl,30,1,A
876,Z:\flp-chrimson_experiments\bodyAxis_APT_projects\fly_846_to_876_bodyData.lbl,31,1,A
877,Z:\flp-chrimson_experiments\bodyAxis_APT_projects\fly_877_to_900_bodyData.lbl,1,1,A
878,Z:\flp-chrimson_experiments\bodyAxis_APT_projects\fly_877_to_900_bodyData.lbl,2,1,A
879,Z:\flp-chrimson_experiments\bodyAxis_APT_projects\fly_877_to_900_bodyData.lbl,3,1,A
880,Z:\flp-chrimson_experiments\bodyAxis_APT_projects\fly_877_to_900_bodyData.lbl,4,1,A
881,Z:\flp-chrimson_experiments\bodyAxis_APT_projects\fly_877_to_900_bodyData.lbl,5,1,A
882,Z:\flp-chrimson_experiments\bodyAxis_APT_projects\fly_877_to_900_bodyData.lbl,6,1,A
883,Z:\flp-chrimson_experiments\bodyAxis_APT_projects\fly_877_to_900_bodyData.lbl,7,1,A
884,Z:\flp-chrimson_experiments\bodyAxis_APT_projects\fly_877_to_900_bodyData.lbl,8,1,A
885,Z:\flp-chrimson_experiments\bodyAxis_APT_projects\fly_877_to_900_bodyData.lbl,9,1,A
886,Z:\flp-chrimson_experiments\bodyAxis_APT_projects\fly_877_to_900_bodyData.lbl,10,1,A
887,Z:\flp-chrimson_experiments\bodyAxis_APT_projects\fly_877_to_900_bodyData.lbl,11,1,A
888,Z:\flp-chrimson_experiments\bodyAxis_APT_projects\fly_877_to_900_bodyData.lbl,12,1,A
889,Z:\flp-chrimson_experiments\bodyAxis_APT_projects\fly_877_to_900_bodyData.lbl,13,1,A
890,Z:\flp-chrimson_experiments\bodyAxis_APT_projects\fly_877_to_900_bodyData.lbl,14,1,A
891,Z:\flp-chrimson_experiments\bodyAxis_APT_projects\fly_877_to_900_bodyData.lbl,15,1,A
892,Z:\flp-chrimson_experiments\bodyAxis_APT_projects\fly_877_to_900_bodyData.lbl,16,1,A
893,Z:\flp-chrimson_experiments\bodyAxis_APT_projects\fly_877_to_900_bodyData.lbl,17,1,A
894,Z:\flp-chrimson_experiments\bodyAxis_APT_projects\fly_877_to_900_bodyData.lbl,18,1,A
895,Z:\flp-chrimson_experiments\bodyAxis_APT_projects\fly_877_to_900_bodyData.lbl,19,1,A
896,Z:\flp-chrimson_experiments\bodyAxis_APT_projects\fly_877_to_900_bodyData.lbl,20,1,A
897,Z:\flp-chrimson_experiments\bodyAxis_APT_projects\fly_877_to_900_bodyData.lbl,21,1,A
898,Z:\flp-chrimson_experiments\bodyAxis_APT_projects\fly_877_to_900_bodyData.lbl,22,1,A
899,Z:\flp-chrimson_experiments\bodyAxis_APT_projects\fly_877_to_900_bodyData.lbl,23,1,A
900,Z:\flp-chrimson_experiments\bodyAxis_APT_projects\fly_877_to_900_bodyData.lbl,24,1,A
901,Z:\flp-chrimson_experiments\bodyAxis_APT_projects\fly_901_to_913.lbl,1,1,A
902,Z:\flp-chrimson_experiments\bodyAxis_APT_projects\fly_901_to_913.lbl,2,1,A
903,Z:\flp-chrimson_experiments\bodyAxis_APT_projects\fly_901_to_913.lbl,3,1,A
904,Z:\flp-chrimson_experiments\bodyAxis_APT_projects\fly_901_to_913.lbl,4,1,A
905,Z:\flp-chrimson_experiments\bodyAxis_APT_projects\fly_901_to_913.lbl,5,1,A
906,Z:\flp-chrimson_experiments\bodyAxis_APT_projects\fly_901_to_913.lbl,6,1,A
907,Z:\flp-chrimson_experiments\bodyAxis_APT_projects\fly_901_to_913.lbl,7,1,A
908,Z:\flp-chrimson_experiments\bodyAxis_APT_projects\fly_901_to_913.lbl,8,1,A
909,Z:\flp-chrimson_experiments\bodyAxis_APT_projects\fly_901_to_913.lbl,9,1,A
910,Z:\flp-chrimson_experiments\bodyAxis_APT_projects\fly_901_to_913.lbl,10,1,A
911,Z:\flp-chrimson_experiments\bodyAxis_APT_projects\fly_901_to_913.lbl,11,1,A
912,Z:\flp-chrimson_experiments\bodyAxis_APT_projects\fly_901_to_913.lbl,12,1,A
913,Z:\flp-chrimson_experiments\bodyAxis_APT_projects\fly_901_to_913.lbl,13,1,A
914,Z:\flp-chrimson_experiments\bodyAxis_APT_projects\fly_914_to_916.lbl,1,1,A
915,Z:\flp-chrimson_experiments\bodyAxis_APT_projects\fly_914_to_916.lbl,1,1,A
916,Z:\flp-chrimson_experiments\bodyAxis_APT_projects\fly_914_to_916.lbl,1,1,A
920,Z:\flp-chrimson_experiments\bodyAxis_APT_projects\fly_920_to_924.lbl,1,1,A
921,Z:\flp-chrimson_experiments\bodyAxis_APT_projects\fly_920_to_924.lbl,2,1,A
922,Z:\flp-chrimson_experiments\bodyAxis_APT_projects\fly_920_to_924.lbl,3,1,A
923,Z:\flp-chrimson_experiments\bodyAxis_APT_projects\fly_920_to_924.lbl,4,1,A
924,Z:\flp-chrimson_experiments\bodyAxis_APT_projects\fly_920_to_924.lbl,5,1,A
925,Z:\flp-chrimson_experiments\bodyAxis_APT_projects\fly_925_to_929.lbl,1,1,A
926,Z:\flp-chrimson_experiments\bodyAxis_APT_projects\fly_925_to_929.lbl,2,1,A
927,Z:\flp-chrimson_experiments\bodyAxis_APT_projects\fly_925_to_929.lbl,3,1,A
928,Z:\flp-chrimson_experiments\bodyAxis_APT_projects\fly_925_to_929.lbl,4,1,A
929,Z:\flp-chrimson_experiments\bodyAxis_APT_projects\fly_925_to_929.lbl,5,1,A
930,Z:\flp-chrimson_experiments\bodyAxis_APT_projects\fly_930_to_934.lbl,1,1,A
931,Z:\flp-chrimson_experiments\bodyAxis_APT_projects\fly_930_to_934.lbl,2,1,A
932,Z:\flp-chrimson_experiments\bodyAxis_APT_projects\fly_930_to_934.lbl,3,1,A
933,Z:\flp-chrimson_experiments\bodyAxis_APT_projects\fly_930_to_934.lbl,4,1,A
934,Z:\flp-chrimson_experiments\bodyAxis_APT_projects\fly_930_to_934.lbl,5,1,A
935,Z:\flp-chrimson_experiments\bodyAxis_APT_projects\fly_935_to_939.lbl,1,1,A
936,Z:\flp-chrimson_experiments\bodyAxis_APT_projects\fly_935_to_939.lbl,2,1,A
937,Z:\flp-chrimson_experiments\bodyAxis_APT_projects\fly_935_to_939.lbl,3,1,A
938,Z:\flp-chrimson_experiments\bodyAxis_APT_projects\fly_935_to_939.lbl,4,1,A
939,Z:\flp-chrimson_experiments\bodyAxis_APT_projects\fly_935_to_939.lbl,5,1,A
940,Z:\flp-chrimson_experiments\bodyAxis_APT_projects\fly_940_to_946.lbl,1,1,A
941,Z:\flp-chrimson_experiments\bodyAxis_APT_projects\fly_940_to_946.lbl,2,1,A
942,Z:\flp-chrimson_experiments\bodyAxis_APT_projects\fly_940_to_946.lbl,3,1,A
943,Z:\flp-chrimson_experiments\bodyAxis_APT_projects\fly_940_to_946.lbl,4,1,A
944,Z:\flp-chrimson_experiments\bodyAxis_APT_projects\fly_940_to_946.lbl,5,1,A
945,Z:\flp-chrimson_experiments\bodyAxis_APT_projects\fly_940_to_946.lbl,6,1,A
946,Z:\flp-chrimson_experiments\bodyAxis_APT_projects\fly_940_to_946.lbl,7,1,A
947,Z:\flp-chrimson_experiments\bodyAxis_APT_projects\fly_947_to_953.lbl,1,1,A
948,Z:\flp-chrimson_experiments\bodyAxis_APT_projects\fly_947_to_953.lbl,2,1,A
949,Z:\flp-chrimson_experiments\bodyAxis_APT_projects\fly_947_to_953.lbl,3,1,A
950,Z:\flp-chrimson_experiments\bodyAxis_APT_projects\fly_947_to_953.lbl,4,1,A
951,Z:\flp-chrimson_experiments\bodyAxis_APT_projects\fly_947_to_953.lbl,5,1,A
952,Z:\flp-chrimson_experiments\bodyAxis_APT_projects\fly_947_to_953.lbl,6,1,A
953,Z:\flp-chrimson_experiments\bodyAxis_APT_projects\fly_947_to_953.lbl,7,1,A
